{
  "name": "large_30f_4b",
  "start": [
    18.786929774590625,
    17.906211926284904,
    2.4811361219931083
  ],
  "fruits": [
    [
      30.19399925904439,
      38.91953819078327,
      1.6603959447986516
    ],
    [
      12.1723277245407,
      31.842107332131366,
      8.021815562139668
    ],
    [
      39.30379922988041,
      9.468738290066279,
      11.147250409717692
    ],
    [
      21.061753178807688,
      12.775634168051994,
      4.843089447704029
    ],
    [
      21.899728283599593,
      13.531651029894714,
      16.14795749400071
    ],
    [
      14.574932327212572,
      7.054026500259267,
      15.554011026309325
    ],
    [
      27.280447353204256,
      11.593138524903338,
      0.1827190500546294
    ],
    [
      37.16603032474555,
      25.335477375767006,
      10.136613174215013
    ],
    [
      20.368265034536037,
      15.037231027169682,
      9.864621001902712
    ],
    [
      25.852337105704272,
      38.762066102115625,
      7.091894131355785
    ],
    [
      30.704498642225566,
      29.522078690089536,
      7.664064649807449
    ],
    [
      28.442522507442852,
      0.9267954775223997,
      19.16617834461879
    ],
    [
      30.334684134417063,
      10.458945622138023,
      9.03422577355734
    ],
    [
      26.16702397291407,
      10.996017939112406,
      7.94518473731099
    ],
    [
      29.53615792721425,
      26.561630402789945,
      10.378771257888314
    ],
    [
      10.782027073420672,
      5.948290966665946,
      12.725893822164364
    ],
    [
      35.29916911978624,
      11.060262306146708,
      2.523429963625614
    ],
    [
      8.6597457413826,
      28.12842505279816,
      13.823841643650645
    ],
    [
      10.113637589241215,
      4.957672478860573,
      18.868316282829078
    ],
    [
      4.811997136011237,
      38.36399214233572,
      17.962943811969094
    ],
    [
      37.21291859922776,
      19.693812754251454,
      1.1773864058791128
    ],
    [
      6.012673284134897,
      32.19473509067847,
      6.510609228347444
    ],
    [
      31.268358398888772,
      16.058968014128684,
      5.2189933814019795
    ],
    [
      29.561471828254035,
      28.359930980006716,
      17.67983517729634
    ],
    [
      27.01324495819135,
      15.903271055458706,
      2.2174330915375196
    ],
    [
      2.2862417078668473,
      9.300029469637966,
      11.653093965665384
    ],
    [
      35.44115398784565,
      26.23919269730717,
      10.747078847603122
    ],
    [
      8.069261597131856,
      39.31255426933084,
      8.876716873476404
    ],
    [
      16.47460796220846,
      7.635629902074954,
      17.92588990892227
    ],
    [
      26.366498557956835,
      4.504044092648858,
      4.6514940456592635
    ]
  ],
  "weights": [
    1.5527958660409595,
    1.719224586491866,
    1.9265965691002331,
    2.765253015928722,
    1.985526028377449,
    5.219093764660074,
    4.491393372351465,
    5.280751740668828,
    1.919370238186811,
    4.734933214449358,
    2.9379571555899213,
    5.283749827527177,
    2.242831391046222,
    3.827883399123879,
    1.8332943526916292,
    1.0937301012186627,
    3.3798013010238894,
    1.4679848517251985,
    2.77321635923308,
    3.359502209570485,
    4.198003518306794,
    3.737227151724774,
    5.402699086296679,
    4.277819695564217,
    3.0838135597751553,
    1.825450796131555,
    2.3317028118862195,
    2.0359246380783027,
    3.3431569820020886,
    5.388605167971857
  ],
  "baskets": [
    [
      17.697477785845138,
      8.648272681055062,
      7.8029924059415245
    ],
    [
      18.968760395763958,
      9.130482804532289,
      4.4128980934346185
    ],
    [
      3.1463862588113667,
      10.28213590147228,
      10.738837024098418
    ],
    [
      4.093414948129128,
      27.34251757931965,
      13.306149975386209
    ]
  ],
  "assignments": [
    0,
    0,
    2,
    2,
    2,
    0,
    3,
    1,
    2,
    2,
    3,
    1,
    2,
    1,
    2,
    0,
    2,
    0,
    0,
    3,
    1,
    2,
    1,
    0,
    0,
    1,
    1,
    3,
    3,
    1
  ],
  "capacity": 7.0
}