{
  "name": "large_25f_4b",
  "start": [
    20.470555897444303,
    1.6146305640666803,
    3.3053980915891708
  ],
  "fruits": [
    [
      5.531154320960091,
      5.27717703255091,
      12.181417599836605
    ],
    [
      27.70034994081169,
      8.297231933913187,
      12.29631842389503
    ],
    [
      26.696780793335577,
      15.389113656885957,
      3.674469016031947
    ],
    [
      24.727247882922338,
      6.412888901252865,
      11.122005783520645
    ],
    [
      18.898206137690423,
      27.822217755755013,
      3.4786228290962824
    ],
    [
      23.973753858602485,
      15.544951105581426,
      3.473334372256012
    ],
    [
      4.977119797222337,
      14.933669054933816,
      8.740869609229799
    ],
    [
      5.530139622854392,
      0.4468475028069674,
      7.066998433356913
    ],
    [
      21.84729984549785,
      27.5580147532063,
      9.38301008603196
    ],
    [
      27.513677176428068,
      25.940707532813246,
      3.272143098749819
    ],
    [
      25.98382292214729,
      21.922558091137613,
      4.167979354483917
    ],
    [
      23.911306595503937,
      25.956651385312096,
      4.491568434561859
    ],
    [
      15.811262520908908,
      2.144604198701907,
      8.748576152265871
    ],
    [
      7.137191988888527,
      22.948909383109452,
      2.6044745426310385
    ],
    [
      9.382267687523008,
      0.4342343037020091,
      0.4882788240988406
    ],
    [
      14.901055253860214,
      14.049376032797285,
      1.9153548433871659
    ],
    [
      7.726875147285714,
      0.09543327879934838,
      5.716016217237287
    ],
    [
      17.276192521108996,
      12.818963138488504,
      12.526535209628541
    ],
    [
      18.494737542305693,
      7.982517360338244,
      12.165331669771247
    ],
    [
      14.984602509090518,
      22.764309630116035,
      8.491336294900783
    ],
    [
      13.123210846717772,
      11.884633332522704,
      0.3335293187981825
    ],
    [
      14.080523645038879,
      18.70675206474317,
      14.19170131516113
    ],
    [
      13.059782404964604,
      14.569242092399914,
      7.7867271596924335
    ],
    [
      12.257729399763477,
      17.36387156553742,
      1.0552600991358796
    ],
    [
      14.651514936096717,
      18.30434484905197,
      11.158186609794846
    ]
  ],
  "weights": [
    2.633355217650138,
    2.150648104345061,
    1.022382126606385,
    3.874620086554638,
    1.2947886867545906,
    2.861954543103873,
    2.156572167773334,
    4.195124216270172,
    4.61180827655032,
    2.2117233991906557,
    4.4115194979197785,
    2.2826103923193006,
    4.086026019951591,
    4.035605672624634,
    3.490083672642101,
    1.8690731281473005,
    1.52316296602062,
    2.612610327922643,
    1.575847261473366,
    4.318437205394597,
    1.6806816784536458,
    1.1151197141268434,
    3.125148773107929,
    2.6294637627376742,
    4.2626702019255465
  ],
  "baskets": [
    [
      4.824941265869832,
      10.810610981754222,
      9.607649052488705
    ],
    [
      27.932380488352802,
      7.854030662712993,
      10.321476203727705
    ],
    [
      4.471579570660877,
      22.20464920263229,
      4.397719245315894
    ],
    [
      7.31235313711222,
      6.894643135347511,
      5.559767477513477
    ]
  ],
  "assignments": [
    2,
    1,
    2,
    2,
    1,
    2,
    0,
    2,
    2,
    1,
    1,
    3,
    0,
    2,
    2,
    2,
    1,
    2,
    0,
    0,
    2,
    0,
    0,
    1,
    2
  ],
  "capacity": 6.0
}