{
  "name": "large_20f_3b",
  "start": [
    15.479120971119267,
    8.777568795041047,
    8.585979199113824
  ],
  "fruits": [
    [
      13.947360581187278,
      1.8835469577529906,
      9.756223516367559
    ],
    [
      15.22279403980706,
      15.721286105539075,
      1.2811363267554587
    ],
    [
      9.007718757911343,
      7.415960484651625,
      9.267649888486018
    ],
    [
      12.87730240161329,
      16.455232265416598,
      4.4341419882733115
    ],
    [
      4.544774435695538,
      11.091695740316696,
      0.6381725610417532
    ],
    [
      16.55262343985164,
      12.633287982441297,
      7.580877400853739
    ],
    [
      7.090519362597368,
      19.413960487898066,
      8.931211213221976
    ],
    [
      15.567669941475238,
      3.8927741570393515,
      4.667210037270342
    ],
    [
      0.8760753157445755,
      3.0857898413509566,
      6.830489532424546
    ],
    [
      14.895243118156342,
      19.3501946486842,
      3.2582535813815197
    ],
    [
      7.409194120697378,
      9.391116225516159,
      1.894713590842857
    ],
    [
      2.598430106709433,
      9.514098524518674,
      2.2690934905088413
    ],
    [
      13.396279893650206,
      8.743038377446615,
      8.326781960578375
    ],
    [
      14.005302040044983,
      6.247332827640822,
      8.32259801395201
    ],
    [
      16.095287149936038,
      7.74956758060349,
      2.883281039302441
    ],
    [
      13.64991007949951,
      2.795049672186196,
      1.9990820247510832
    ],
    [
      0.14724539502011025,
      15.738487550042768,
      6.648508565920322
    ],
    [
      14.103307572526703,
      15.614580620439359,
      4.5891577553833995
    ],
    [
      11.374823919057874,
      2.795939962553149,
      1.1453007353597344
    ],
    [
      13.368059235809433,
      9.42192412286265,
      5.652361064811888
    ]
  ],
  "weights": [
    5.130993830046538,
    4.4274789280031905,
    3.9893287635531776,
    4.0197186680252335,
    2.6413305295381058,
    1.1664163066668727,
    3.3582739018547567,
    2.1587572332254577,
    3.2060546761130353,
    5.608376595648097,
    2.26327322367284,
    1.3148348051209564,
    2.5194730169187816,
    2.5854062919400915,
    4.574349179525234,
    4.007973622642903,
    5.233050329174633,
    4.587293117767893,
    3.194489051776381,
    5.395710077196587
  ],
  "baskets": [
    [
      3.339458398154078,
      0.45424146267720955,
      0.9004786077564175
    ],
    [
      14.447187011929007,
      9.237544605027747,
      1.612717790336018
    ],
    [
      10.02089550206727,
      3.0462420542633684,
      6.96320375077736
    ]
  ],
  "assignments": [
    1,
    1,
    0,
    1,
    0,
    0,
    2,
    1,
    1,
    1,
    2,
    0,
    1,
    0,
    1,
    2,
    1,
    2,
    1,
    2
  ],
  "capacity": 8.0
}